690;70;23;17;1612;29
1103;25;972;75;1359;57;493;35
1716;76;1951;56;567;14;1808;78
1847;45;1606;51
242;24;1354;49
443;58;1868;47;1523;20
881;4;1240;33;1929;16
1760;56;898;35
573;4;104;66;1230;56;328;64
687;75;1326;28;615;24;392;34
386;18;262;27;1934;50
86;6;1342;72;352;43
78;45;1330;65
1989;8;1100;36
317;32;1193;8
1646;10;100;68
970;70;931;58;815;32
1717;27;285;13;1047;71;1322;66
1578;67;388;72
170;24;357;35;339;25
913;64;1748;44
640;36;993;32;1773;73
690;9;1620;40;1104;64;1638;58
1421;4;1132;27
1193;56;915;27;795;75;11;61
856;12;1169;43;1485;76
952;42;1301;20;571;64;180;3
102;56;1584;66
134;54;1436;1
1248;24;607;45
1130;24;224;62
1164;27;1600;45;113;3;954;78
304;74;490;72
678;46;380;64
1096;46;1642;69
164;50;1533;66
511;23;1318;73;904;7;1112;67
999;58;1273;25
1301;10;44;56;876;33;1495;73
924;70;1259;47;1880;10;861;73
1201;49;1795;72;1792;47
430;5;1379;70
1861;44;824;58
308;64;445;12;548;4
210;42;1438;66;1294;7;1829;48
30;69;1665;53
589;31;1944;41
331;10;288;3;1888;69;1355;55
112;53;1291;74;1296;4;937;8
1557;42;1709;22;1288;21;138;2
725;55;1980;45;1590;52
882;3;383;57;1949;6
338;27;1406;65;539;31
182;51;1946;37;1762;18
875;60;820;46
909;52;561;41
567;42;182;1;1264;76;399;42
1497;19;1221;12
76;39;805;73;1369;9
899;61;1006;78
27;26;947;27;521;43
1724;61;594;65;26;34
1138;18;1619;2;1077;77
485;44;1659;3;381;59
462;11;728;53
370;77;371;34
158;49;1082;7
1015;44;651;66;1331;55;1860;3
243;43;1704;62
666;70;261;36;429;64;860;75
350;46;1050;7
240;38;78;68;671;30
1235;3;253;48;1613;18
1979;40;1641;58
1834;27;1924;60;1036;66;814;68
1058;72;57;21;506;18;250;66
435;42;1111;19
1674;52;1244;40;56;23
1646;9;1986;46;715;32;477;14
1833;48;1449;70;791;14;1646;43
928;61;559;49;650;76;1482;55
1119;28;564;64;708;66
68;28;1263;61
198;75;575;22
664;23;557;33;1055;53
804;16;637;2;1965;33;409;78
1528;2;552;71;462;49;1279;73
578;11;1471;45;334;66;975;20
452;21;1508;76;1472;34;1225;66
1380;44;1850;72;1745;33
1979;4;1252;25;991;45
18;77;422;55;1829;39
1103;32;1711;36
435;21;603;66;540;67;859;68
1777;74;1418;43;1580;19
1073;29;500;48;1713;65;1828;69
1296;44;1718;71
925;74;1861;14;986;42
272;32;436;50;207;72;1902;7
1816;28;661;30
1230;60;42;27
458;65;879;9
1962;4;224;75;872;74
1294;5;1835;5;1692;77
1689;71;1809;50
1625;45;1557;23;588;6;1234;20
839;55;335;27;22;37
1296;20;428;64
1348;41;707;54
986;55;318;59;1741;45
1697;26;771;12;1456;75
1744;32;1210;17
494;46;623;77;799;19
412;45;1722;47;1296;57
998;57;4;60;710;13;535;6
1596;64;513;1;811;18
123;19;657;6
737;22;472;75
61;78;14;22
882;25;1906;47
1945;20;1121;39;1255;18;145;66
1740;9;1603;42;1652;50;1840;49
119;76;732;9
587;25;949;65;535;25
619;14;499;61
511;74;58;32
997;54;1512;60;149;75;787;6
1321;44;1047;8;815;46
127;11;1360;64
1898;63;405;69;1904;14
1275;56;1711;65;39;44
102;32;1688;43
1136;40;1297;17;608;69;1183;64
421;11;1376;14
26;5;1254;34
1838;58;1734;35;1821;30;251;3
1092;27;1436;37;1729;45
1566;17;287;26;536;71
899;73;1853;47;1059;8;1030;18
1693;10;1286;19;806;5;1421;60
449;61;809;36;318;74
1096;49;1347;63;697;40
330;57;978;45;363;77;1146;68
970;35;739;65;1547;27
1930;7;1713;36;286;45
1209;30;809;29;1289;12;1218;6
1892;9;808;34;328;37
948;55;410;69;1097;35;1650;9
1555;12;558;61;1096;43;1060;24
188;62;1876;62
1417;67;438;45
933;53;2;38;505;38
198;7;1959;78;820;23
24;54;318;37
1415;68;576;3;517;28;117;15
1190;67;378;49;58;61;1843;7
1455;68;1412;17;1875;77;1159;70
1088;59;852;10;1858;78
430;61;1168;45;1359;77;1745;59
953;26;151;8
437;68;64;46;204;5;1787;67
112;18;1570;17
308;48;856;72;1564;21;1456;60
988;68;1724;55;863;69;1083;11
175;3;439;43;1880;15
218;26;1819;65;1268;43;1725;74
843;42;1454;32;920;76;1204;27
800;8;1573;71;312;53;971;17
1914;56;636;25;1396;57;1806;73
1234;50;382;69;1788;40
804;74;938;67
882;21;1807;47;1149;45;426;66
1521;28;1478;57;1735;50;869;64
484;60;1888;59
1821;70;1549;64
408;60;443;45;984;59
836;5;1698;38;1683;22
925;28;1774;43;822;61;1735;36
1689;36;1632;39
340;55;1112;22;1085;37;813;54
704;5;1082;41
396;23;819;38
720;44;567;8
666;75;1962;56
1346;48;1037;72;1638;10;558;76
1232;75;398;34
1058;62;481;41;1660;73
397;45;1168;35
961;70;439;4;6;28
743;36;1267;33;1765;10
314;65;1091;6;1841;11
963;6;773;38;359;25
600;41;438;39;990;19
457;9;602;46;35;1;1440;67
305;33;576;1
981;34;851;60;1653;14;1925;19
807;73;743;62
386;46;1007;57;1519;49
303;46;1168;56
1280;17;1118;60;688;6
1472;73;1048;47;35;35;1400;6
991;2;119;6;1795;71;404;78
1487;9;307;62
829;55;203;1
626;39;75;58;537;29
907;41;1813;52
926;4;1951;68
553;73;1991;34
850;49;471;37
1630;66;1513;52;420;75
400;52;1177;42;523;36
1924;70;1751;2
1345;2;1363;10;1696;49
880;31;920;8
1714;70;921;12
1049;20;1195;4
924;51;614;12;427;28
244;1;638;25
899;49;1519;29
511;34;290;55;824;35
1584;76;1133;40;1063;66;1403;77
1930;20;1079;63
80;6;1603;21;268;12;1647;21
1797;54;1505;45;858;62;64;38
1560;65;1693;40
553;35;805;19;97;59
120;44;796;43;1532;66
55;32;743;6;502;43
1347;22;1472;20;398;50
358;9;110;38
1472;66;457;78
125;76;650;58
1956;4;344;51;628;67
533;31;1971;71;760;44;1722;78
1539;26;204;76;1270;68;1635;56
311;65;798;44;242;23;1825;64
818;25;580;74;4;67
188;18;1472;71;1670;30;1342;19
72;31;867;72
832;76;957;10
1724;40;839;3;1152;52
701;64;1798;76;1442;42
1962;41;1595;57;620;42
1639;33;975;58
856;12;411;23;87;57;1043;26
235;60;607;60;387;34
725;1;750;48;666;44
1216;35;452;44;973;73;622;44
554;33;163;28;425;71;466;61
1354;24;690;54
1740;25;640;61
332;29;1828;33;482;33
1240;71;68;62;313;34;289;40
1755;44;575;5;302;69;624;13
1955;25;427;76
17;39;1928;37;1361;73
1556;55;649;77;627;5
1385;38;1284;78;598;45;868;56
698;4;1397;28;849;57;739;34
1085;32;740;77;1997;48
605;76;1117;65;1846;26
1953;44;1022;45;732;26;1092;50
104;7;50;37;999;44
1298;68;701;18
1478;38;1782;64
1625;30;991;64;639;10;1552;26
1989;72;1791;63;191;47
629;1;1917;36
1750;64;1460;74;1203;13;1771;11
856;45;1270;59;1215;78
1629;63;272;19
1646;19;1316;69
4;70;7;38;1567;49
1054;55;798;32;1209;42
973;20;583;69;609;51
123;40;1203;22;12;29
849;77;365;74
1801;14;580;73;540;70
66;9;962;68
737;34;1740;48;1657;21;863;9
1702;40;1939;59;865;33;1837;71
446;48;323;14;281;77
592;10;785;39;650;60;363;64
1750;61;544;25;126;2
1043;19;448;35;1007;13;493;78
1725;60;1704;36;286;7
725;14;1643;59;1017;21
853;62;153;71;1549;6;1023;40
1012;40;1181;39;524;25
1433;28;1384;46;1020;6
1292;33;1232;76;32;51;333;63
693;1;562;58;1952;27;1350;30
681;71;357;60
1234;57;807;62;1988;28
518;28;483;14
1563;68;1070;12;1100;68;343;71
1791;7;1781;78;679;65
334;28;690;30;703;78;1312;23
374;63;1382;5;48;37;1635;46
29;32;1267;39;1846;37
1692;67;283;9
1629;60;643;70
1582;13;1792;68;1720;43
710;43;1788;18;1036;10
1322;48;71;50;846;23;331;17
24;75;1765;17;1348;65
713;76;290;52;504;66
513;62;149;30
986;55;725;43
1938;49;1569;35
381;62;1723;76;493;38;1424;16
112;51;607;66
1979;30;1945;22;59;46
1707;38;1026;62;1431;66;1306;5
89;63;1662;64;1087;45
291;70;1462;32;1305;9;497;76
430;17;1595;16;445;72;1186;26
1945;71;622;55
54;62;1563;36;1506;20;1790;15
1095;31;970;74;1954;9
1050;66;605;68
184;50;1504;15;138;42
1544;58;1801;32
1665;63;680;65;1565;33;1344;58
527;12;625;50
440;47;1512;33;414;44;1125;55
65;4;1520;74
921;56;1197;2;1439;40
294;3;954;28;816;25;223;72
175;18;642;48
303;15;373;63;202;40;1319;78
1298;14;723;24;223;56
1382;46;792;73
890;42;175;24
1514;39;1619;62
814;36;1605;73;420;63
875;28;1547;68;1849;51;1330;71
209;13;159;28;589;66
628;57;1206;41
942;40;719;69;1352;35;1886;25
161;78;1165;13;1798;5;961;47
1787;55;1032;74;865;25;1731;14
533;72;290;2;1637;11;178;58
1728;75;575;24
1319;52;408;27
1487;60;398;11
286;32;377;58;80;65
1559;77;327;12
1041;31;1879;38;189;78;1988;55
748;77;606;62;1460;34;707;2
954;46;1790;33;841;74
574;5;1372;72;638;19
702;55;691;50
666;22;1926;14
445;36;243;45;1440;9
758;21;150;73;1176;23;1696;2
29;63;586;32;1947;58
956;43;642;57;852;43
894;21;1553;61;869;3;1703;22
1027;48;1210;47;1460;15;1133;62
1498;72;251;64;1393;19;641;65
183;61;1556;3;1393;59
824;73;186;71;1540;64
426;20;142;76;1079;61
1784;78;1420;37;996;50
575;31;1498;24;1932;9
425;33;1156;75
357;68;371;56;1426;10
1415;34;453;5
1416;41;895;57;427;33
1397;14;1694;51
364;66;1088;21;302;30;1425;74
1614;36;214;56
1102;50;459;33
597;35;582;75
1280;68;1099;65;1732;53
1769;52;374;53;1397;73;927;21
1827;6;612;54;1312;22;1460;13
1696;13;250;27
1919;15;554;2;1824;21;1361;31
993;33;382;65;1518;1;1510;5
1724;34;122;26;1064;78
1689;67;130;57;397;38
1989;13;1337;28;1552;13
1781;48;370;3;122;28
1847;18;139;33;462;8
1208;51;457;64
533;62;523;18;481;17
508;74;1504;49
104;25;732;7;1974;2;299;31
1435;42;1177;58
44;51;332;55;1375;64
1463;16;745;59;47;50
462;67;953;34;1378;7
1926;34;1126;12;14;20;1429;62
1198;59;1893;46
1320;65;12;2
121;65;1761;41;354;22
1782;75;1903;42;1809;55
348;35;724;51
1650;15;449;74
1215;22;1835;49;1219;65;179;41
1746;63;1419;14;270;57;763;2
1979;34;614;17;1243;52
432;38;1571;10
1323;44;757;30;1908;31
153;49;117;63;51;71
48;15;1386;30;1869;18
1767;5;1478;62;839;32;1593;44
958;76;1388;15;764;66;1338;20
1521;57;1865;56;1;59;396;54
1354;1;1468;12;376;24
1193;59;258;63
943;10;1786;36;1460;43;1546;71
462;17;45;55
1201;6;1720;63
1019;26;1707;6;1773;47;1545;42
160;57;867;11;1238;36;445;66
1816;76;1810;7;1475;59;1523;43
310;7;1544;42
576;26;1857;56;832;71
690;59;1297;49
449;67;1324;29;580;38;942;61
1816;15;176;23;586;61;163;10
1861;22;681;26;1379;42
242;17;1225;29;1219;39;273;78
557;67;140;67
1641;53;1370;6;1391;55
1094;23;599;53
1944;70;969;37;1445;58
1030;54;811;7;1536;10;826;65
25;74;524;5;603;31
1487;18;319;59;198;12
1715;50;513;35;1928;71;1468;64
1159;24;8;69;1868;31
1962;11;849;24;1834;58
1522;13;226;32;834;25;504;35
840;35;1660;46
907;22;1511;18;1157;34;1804;48
202;8;1652;57;421;76
961;65;1366;77
1633;12;1669;55;1045;50
1474;14;257;12;387;77;589;66
1702;49;232;23;191;45
959;71;561;54;1047;60;810;61
24;8;1410;7
1586;66;1067;16
226;27;378;4
653;31;142;78;351;49;1925;13
609;60;923;53;1497;42
930;56;1044;14;806;62
948;14;1004;34;1747;17;357;26
1956;57;1191;4;1484;43
167;33;631;10;823;27
919;67;417;41
358;48;1945;63;981;14
450;72;1800;43;518;22
1723;63;1017;73;306;27
1651;26;230;45;1982;18;1192;28
1518;37;366;57
1433;58;1907;72
859;59;1966;13
3;38;524;71
1580;18;1592;31;856;30
1441;4;756;2
885;53;1500;23;161;30
278;29;1304;14
1856;22;644;28;397;72;277;19
1713;77;837;29;1277;2
1450;75;634;33
1023;22;1696;78;631;56
1521;2;1697;69;1190;32
1323;34;831;53;135;57
540;53;641;33
1628;3;1104;46;1439;76
39;34;1585;78;7;36;402;61
85;23;177;46;1492;48;1108;58
1641;42;855;4;1978;53
537;27;872;50;1346;6
1379;40;1752;59;1254;71
1806;55;416;71;845;18
524;32;1764;14
1562;51;1110;73
245;76;1178;10;696;42
981;62;264;14;1337;40;360;47
465;33;748;30
427;45;50;77
1854;5;505;3;223;53;191;9
1087;59;1885;58;1197;76
1586;40;678;74;1433;74
1988;77;684;25;1465;52
1660;53;1315;74;1895;73
1503;12;978;11;594;47
1164;43;421;35
303;35;1917;62;1414;38
1146;49;1072;51;1749;12
346;78;1066;59;1070;58;1312;76
72;3;573;36;1475;69
1345;77;1606;13;1266;69
4;12;179;64
1838;21;1719;56;434;19
305;49;720;36;167;64
615;72;311;2;44;20;717;18
1719;62;382;51;113;48;721;33
1135;78;807;62
1331;36;937;13;1229;46;130;6
1500;77;1622;15
647;7;981;29;1020;74
1728;8;94;53;270;30;93;28
1492;33;1321;51;1148;28;745;33
1945;59;1173;51
1989;78;883;13;238;52;1419;34
435;47;730;20;1603;1
1749;55;1817;62
664;38;786;77;754;12
308;49;1937;49;1480;76
640;41;57;65
1037;7;1486;54
387;54;1924;15;1394;5;1831;9
770;47;1010;34;674;47
894;15;1022;61;1985;17
851;75;326;30;1070;6;943;70
462;39;1931;50;448;31;1055;44
911;62;1224;66
343;62;340;72;841;57
963;4;150;27;979;4;882;31
73;65;878;24
1818;63;1200;36;652;41;1839;35
1693;17;1526;69;1450;77;1334;26
1153;41;884;53;283;72;1911;66
727;3;1376;74
39;30;1245;42;428;12
1589;45;1585;32
841;57;990;4;449;33
298;63;1416;14;1157;75;1631;66
1808;23;1776;76
1909;37;471;19;777;40;907;34
511;13;264;51;1230;64;1535;74
604;19;908;21;1071;4
231;72;75;40
257;40;1333;48;895;70
138;39;639;30;1411;24
782;19;833;53;688;4
1941;68;897;27;691;67
848;26;1867;60
32;45;316;13;1066;17
325;33;1125;35
166;61;194;57
889;23;529;12
1323;67;669;33;709;52;1840;14
1671;16;962;53;1466;51
878;32;1182;6;728;18
154;26;523;28
1956;67;1803;28;1430;76;1491;11
1725;70;307;29;1906;56
337;30;698;73;1720;32;663;50
488;39;1395;11;969;42;1174;1
1519;53;515;27;272;4
1577;41;1474;58;1050;19
1450;19;327;31
257;42;1138;56;1128;16
1911;30;717;61;1903;77
1867;58;1840;27;97;39
1551;59;1392;4;478;77
911;55;1571;65;347;13;1863;24
440;23;1213;15;530;42;699;4
303;15;1652;11
1735;14;332;63;971;12
151;9;1990;23;295;55
1558;25;261;28;1488;26
293;52;1551;3;150;75
1002;74;1448;50;528;44;1785;64
1190;27;1181;34;330;45;696;75
116;67;1073;73
325;10;1995;30;1254;67
186;69;749;47;733;38
1578;49;86;29;876;68
573;68;202;43;1986;57
1443;7;1556;62;540;4
350;56;675;63;1724;61
1939;35;863;7;973;62
1896;29;729;57;1801;28;236;31
134;47;764;8;356;22
1769;38;1500;33
48;70;83;41;370;59
1039;48;1714;53
59;54;1342;13;1088;54
1008;58;506;32
842;53;830;24;1862;9;1753;77
1095;60;495;59;44;42
1232;61;1902;1
3;4;346;8;470;68;1204;3
1430;45;1772;10;705;43;1077;67
642;1;1181;71;1750;11;1840;43
1035;15;216;10;1924;21;1555;34
1626;36;1592;42;1676;48
986;44;52;32;403;29;311;48
1037;77;1821;40;1308;33
399;52;200;26
1346;46;361;55;1855;73
764;69;415;66;1123;43
425;38;1846;39;1644;28
1376;20;1518;63
173;70;619;54;1005;14
476;67;1651;32;1164;27;1080;58
935;6;77;21;390;69;1457;4
1750;32;1811;20;629;43
665;44;1003;24
1590;12;1828;11;1722;27;553;23
1929;30;268;11;1853;14
523;44;1544;42
598;29;626;58;1502;55;1080;37
1784;48;848;7;8;63
496;67;397;56
511;37;1082;28;1418;29;636;15
250;26;893;41
1296;63;1295;72;786;11
1455;40;1931;59;1423;33
1579;29;1867;1;418;13
729;29;1178;77
1378;14;843;3;180;68
443;16;89;21;72;42;1669;63
1347;26;1880;29
332;71;1274;68;1954;39;1512;49
1593;30;298;42;342;62
862;6;480;23
1892;62;754;43;436;30;393;21
1874;44;1443;36
289;76;1707;39;1834;27;492;74
1126;47;1120;31;117;40
1325;13;525;38
1240;6;349;61;244;61
1175;56;430;23;170;64;894;40
145;30;777;33
15;13;242;55;1046;47;438;37
1519;78;1942;74;699;64;1485;28
745;58;1730;33;963;55
1913;18;416;73
856;13;1092;29;1250;73
984;39;872;33;1972;78;1116;33
1972;25;1900;16
420;63;1206;61
1126;76;230;3;1077;48;702;17
482;36;1745;10;257;13
154;51;777;51;1606;22;826;59
1917;29;443;15;1823;52;1311;28
1008;61;69;67;699;55
1672;37;960;37;1380;56
922;6;1967;63;284;56
933;62;1644;51;1118;72;585;63
1651;48;408;34;1803;59
510;70;1217;11;1685;16
1235;4;1079;64;292;44
974;41;697;12
1113;59;1041;35;1793;8;1304;66
1119;14;863;23
104;1;1240;33
221;38;489;73;1671;50;783;40
166;42;983;12;1169;33
1538;68;961;11
556;31;1593;77;366;29;841;78
954;2;215;72;1353;33;1585;15
324;43;1333;24;1059;43;405;69
68;38;190;47;69;73;1864;65
3;39;866;74;621;26;1221;51
411;3;1616;34
1097;21;869;58;1086;77
1929;48;196;77
1470;46;272;64;1389;28;616;67
1702;25;1677;51
85;61;1229;23
1429;50;829;15;1942;45;1021;38
1193;38;1930;11
1049;21;1370;15
1333;40;462;47;1186;53;562;60
209;60;1644;69
1236;17;1406;45;1860;16;744;41
1143;20;1111;73;215;63;1447;30
913;77;133;76;1845;69;753;62
39;51;111;57
221;47;463;14;1977;74
954;40;1029;47
963;53;1575;71;1642;64;340;73
809;36;268;50;741;12;1199;48
1329;15;1125;14;1382;26;1410;30
1924;58;459;4;1688;39;635;46
1826;14;761;78;917;65;715;41
72;3;1464;15;1235;1;321;46
1674;21;1129;51;832;14
632;3;407;77
807;72;203;46;662;19;847;63
1306;46;1074;75
442;38;1964;29;390;15;674;8
449;37;231;22;170;15;1386;22
1388;38;105;52
1241;73;1159;72;403;32;2;34
474;53;1333;29
381;51;1981;50;1146;21
882;35;1387;25;1869;35
1782;20;1185;27;1423;3
153;36;909;49;390;2;1345;65
1528;20;1164;63;1970;8
1275;17;1242;15;1060;29;925;70
1895;2;399;65;1249;75
818;55;483;45
1074;19;1999;72;1113;72
1838;44;1053;59;1114;29;1111;51
119;6;1081;7;1517;21;771;20
506;27;893;31
1342;12;405;42;628;2;1961;62
1548;18;1482;35;1270;8;587;5
931;58;590;29;1343;58;817;37
769;50;1795;51;300;44;163;9
1584;19;1018;19
1544;12;54;35
109;28;1414;78;1716;30
1697;39;1243;15
1368;66;1309;6;769;76;1441;16
928;52;241;19;170;76
767;4;594;57
1740;15;1473;39;1415;43;1615;36
1780;77;1916;63
1121;76;601;28
278;25;1126;58
936;34;962;14;1496;29
672;7;270;21
506;28;977;41;1139;29;1534;63
418;30;722;67
684;47;1225;42
1724;2;1897;63
1900;7;973;46;139;48;563;30
465;74;1308;9
1138;17;87;77;1958;15;590;46
1096;25;575;29
883;60;1791;64;582;58;156;27
297;35;77;2;1185;40;1125;53
182;56;1733;5
1378;31;1821;24;1728;19;1480;26
756;15;704;34;1931;41
746;22;897;56;50;77
1053;7;1704;12;1771;46
1878;21;523;22;887;74
647;53;585;74
425;65;893;12;93;55
1724;1;1195;6;1868;33
1008;54;169;3;896;43;1019;52
1846;27;1251;16
29;54;1606;1;1240;73
1053;59;1023;31
825;33;930;50
1519;33;1857;48;230;25
1398;40;426;73;886;1
1539;76;34;62;591;16
299;50;794;56;1420;78;853;46
311;64;1097;46
172;16;391;14
215;11;1820;23;1228;71;1176;46
479;21;1397;42;1317;57;1346;45
158;21;350;78;799;67
291;7;1556;15;1401;18
879;71;1980;10;942;2;677;10
39;44;419;20
1607;65;1713;56;16;49;209;29
1816;56;101;9;1867;50
1389;48;1544;5;558;66;744;63
1686;68;1124;62;353;51;653;13
832;78;256;17;1335;13
1007;44;908;35
418;73;675;29;1704;46;1384;34
1322;24;972;31;646;57;1675;46
441;9;1287;74;1378;33
348;25;1108;69
835;76;1981;11;711;59;482;31
590;23;710;72
1492;29;1797;57;481;68;1652;68
1306;30;1150;1
1453;59;1615;72;1189;77;250;2
242;9;472;54;407;27
1608;25;672;13
1130;15;1925;65
1713;77;140;56;1160;15;1364;59
1130;21;469;10;1328;69;1124;41
18;21;1843;22;1155;68
711;49;729;19
286;1;1768;38
1327;8;448;74;1643;37
31;38;885;7;1424;7;706;1
1100;21;432;12;703;22
277;42;1633;42;217;49
1684;51;243;18
283;65;852;48;60;8;1079;11
1232;10;486;21;1058;63;1871;3
153;12;1002;33;1230;15;854;75
215;25;1921;19
419;25;448;18;393;68;1659;58
830;62;30;72;1421;1
531;15;1861;9;321;28;1285;68
1417;40;1953;34;1447;25;1818;73
718;53;745;64;448;54
188;59;1300;68
476;1;966;2;1922;31
1041;14;1901;13;794;59
1198;56;92;4;1822;17
1322;74;587;6;1739;59
720;37;452;26;585;28
926;70;795;78
988;29;1368;42
1869;13;680;65;1294;2
1662;48;471;70
1430;70;42;1;404;21
1438;52;1273;54
258;5;694;50;114;70
915;64;1316;39
1938;24;736;69;1169;51;1581;78
1496;62;964;4
597;17;950;3;284;42;1480;24
1929;20;1643;41;1871;37;1205;63
1629;41;183;25;1734;50
1073;19;1892;61
1649;5;1611;23
1382;15;668;74;926;52
946;41;1200;75;1562;64;33;3
332;65;719;41;1185;72;282;61
1804;37;1352;44;1259;9;1575;72
53;23;181;32
1097;45;644;38;1527;39;1983;43
1808;37;213;70;1783;15;889;31
1924;44;1366;56
1194;14;773;15
216;64;252;2
1109;75;432;36;1945;46;194;72
771;50;1542;59
185;36;937;5;1178;69
895;41;1800;37;1124;33;1466;13
1178;32;1214;63;1834;33
1433;15;1078;78
950;55;1421;54;229;76
1687;73;259;42;416;62
1143;28;1119;78;1757;46;1988;31
922;72;784;5;1423;68;1209;24
152;12;1692;64
440;2;294;4
277;71;1279;2;393;9
628;37;1249;70
1194;15;1496;11;1063;47;694;51
24;4;657;69;964;61;1648;58
1354;47;327;63
173;26;1146;48;1007;34
67;38;1104;38;491;74;641;74
1482;37;195;27;327;33;330;39
836;48;1967;76;327;5;1263;38
1240;78;899;38
1920;30;1609;63;810;64
1861;75;420;59;1251;3
1276;19;838;62
575;35;1809;72
997;41;1140;14
499;24;1288;75;1097;18
1190;5;1996;76;1628;53
1087;47;1074;78;1459;6
1930;45;1217;70
1030;28;1343;49;1838;45
1962;16;748;63;1861;62;1420;45
1699;20;855;17
550;29;1906;40;1548;39
1214;57;541;52;1787;27
802;3;1300;7
1555;11;1225;8
1871;75;74;58;374;27
386;38;1951;23;578;16
1475;46;1827;12;1914;62;1439;9
1992;38;701;68;1449;57;472;61
1457;23;1241;57;1211;44;54;27
761;71;1821;7
109;13;1233;59;1887;26;1518;51
198;22;815;40;345;18;644;7
451;51;1415;31;1447;29
157;57;1245;15
1079;75;475;47
419;7;1880;75
1116;41;795;63;1820;24
1903;17;1030;72;873;47;1177;17
1276;65;1742;3;510;71
1027;25;888;41;1318;5
632;19;1723;6;1337;33;1651;14
854;29;1434;7
1018;40;1779;73
308;62;458;7
542;14;1125;49
1584;46;486;41
650;22;26;15;1535;32;1261;78
954;33;803;13
1830;37;565;63;1926;58;707;49
418;76;1998;34
609;1;214;59;104;75
889;73;1465;25;1863;24;608;43
819;22;592;20
87;33;104;44;47;32
1143;74;447;1;301;64;271;41
185;77;980;28;678;40
789;40;147;17
289;23;1472;4;1026;45
352;78;1855;31
552;49;624;28;284;52;45;46
841;76;869;37;1824;73
762;78;962;59;1587;11;280;29
32;20;923;56
1276;34;1753;6;1614;44
1681;61;20;76
840;25;901;74;463;59
374;50;124;72;955;28
153;3;929;39;1414;35
364;23;1492;43
1292;53;1688;55;127;47;1222;55
1365;76;1616;6;15;5
1097;69;202;67;787;65;663;19
650;22;570;57;870;74
703;38;1870;18;184;74;1211;65
29;35;1576;73
350;49;1123;18;1066;20;492;57
1726;68;1458;11;1851;59;1768;31
1564;65;483;76
247;18;790;2;1494;66;382;6
305;28;125;30;231;2
1474;60;702;1;1494;53
198;36;963;57;409;23;1035;8
102;15;449;21;345;71;850;57
119;50;1191;70;1286;52;1202;33
305;59;1895;69;1179;58;1760;40
1256;11;742;17;1458;58;1786;61
1161;72;1105;45;1212;19;428;49
1939;69;940;27
1096;61;264;26
614;1;1470;56;1008;44;1259;9
1696;62;807;4;1604;62;572;70
922;16;1656;27
804;17;232;50;1278;21
997;7;1677;1;504;71;49;34
1837;60;1482;19
1454;33;162;44;553;76;1569;50
425;50;331;35;47;46
782;28;717;37;280;59
535;24;1733;12;1538;22;1559;68
1144;65;487;2;973;71;1349;44
696;45;1220;45;1800;78;1455;55
1243;12;837;27;365;36;1958;58
126;6;1157;62;41;53
1712;14;1989;26;1169;6;1449;19
690;31;1652;38;1188;56;1251;73
1433;19;1068;21
387;52;893;12;730;53
1527;73;223;6
1105;34;91;68;17;76;353;68
342;42;1668;9;1590;67
382;17;932;11;1117;29
1430;8;1801;22;696;77;737;20
182;2;1277;63
1276;2;622;2;860;5
1064;68;505;1;253;36;490;51
854;76;516;46;1442;3
436;55;1941;14
1097;49;544;42
395;21;41;7;923;24
449;49;1527;30;262;11;474;16
1192;26;1342;22
1385;1;1450;55
476;76;1520;35
195;65;600;62
221;36;637;73;793;11
958;61;493;41;645;66;1391;5
381;35;726;21;277;20
161;54;548;64;779;46;799;42
575;45;1675;3;1435;25;82;69
606;24;1930;23;1845;48
1639;3;413;7;1712;71
1196;53;350;4
1676;22;240;15
1702;26;1622;31;445;26;1455;52
1046;44;841;7
1653;63;708;46;240;39
611;34;1709;73;1351;17;631;45
609;53;1886;40
977;37;580;35;1210;40;1462;33
869;48;704;73;1118;14;1734;50
184;15;563;68
1689;49;1927;39
961;46;1243;31;930;30
668;58;1010;78
310;36;289;75;1373;59
1972;3;1265;28
144;9;654;58;670;50
494;54;873;54;1320;68;32;28
782;40;369;42
781;62;1681;41
183;2;1182;59;1568;44
1196;53;1341;18;801;27
893;14;1934;72
325;24;1339;43;206;34
995;57;1225;28
743;41;521;63;885;32
230;22;274;42;1985;36
705;47;266;19;896;37;1725;18
1581;13;1386;38
629;18;857;35;971;16;1840;39
745;75;863;71
1237;47;128;34
1578;13;327;13;1364;22;1892;58
854;16;822;27;1260;22
1623;6;28;67;728;39;867;27
240;35;1213;54;1246;9;1124;68
1921;7;1788;27
1487;60;840;18;1958;55
1144;45;1390;72
1931;70;136;6
590;54;1220;18
1462;46;486;45
1676;9;522;52;1862;35;73;35
1898;28;1679;28;1767;53
1007;33;95;30;638;17
1097;57;228;11;437;44;1426;41
903;56;959;11
476;74;1090;22;727;39;1296;62
1050;39;1551;16;442;64;1920;41
692;56;1677;32;1458;67
1463;13;1446;6;1919;14;1990;55
924;37;1184;48;89;31
927;35;1880;53;177;72;602;27
1689;61;663;31
1048;32;505;59;1910;70
214;12;1956;35;981;11;964;38
1251;36;889;12;935;41;1155;8
1258;15;1465;65
785;42;173;50;866;16
65;74;1789;63;958;64
38;1;1380;73
93;13;1599;14
83;7;686;48;1474;36;1833;27
1882;16;619;63
245;51;163;28;1834;32
1076;76;597;22;1141;14
1941;34;1468;63;1229;50;396;23
215;3;482;58
304;38;429;32
1846;42;611;8
207;61;1203;4;692;21;114;62
1651;67;1589;32
195;49;601;63
105;22;345;31;18;41;1258;59
1989;4;544;67;349;54;1352;48
289;74;1457;63;625;54;1925;65
1874;68;315;53;1763;31
869;42;466;72;1235;62;1615;17
1831;49;1920;59
1752;76;792;52;374;5;60;57
950;55;1678;75;1267;14;132;34
1374;2;1914;12;385;7;1173;11
683;6;380;41;297;2;600;73
510;37;1812;8;829;52
506;12;953;67;1262;28
1566;14;1602;54
331;42;845;45;1552;26;657;1
601;14;840;73;701;29
405;57;618;47;850;56;448;54
1262;69;1972;56;1669;63;1703;37
460;7;1253;19
1716;13;1929;4
1836;24;710;45
1398;61;630;51;1243;11
1041;2;1946;46;1999;50
1160;75;1555;19;1996;78;1167;55
1752;13;910;2
1192;60;217;21;551;8;1279;75
262;34;1745;35;820;43;1301;67
1296;66;935;56
904;62;1476;59;1536;6
1947;37;1695;44
537;26;1357;8;790;60;949;36
485;74;938;42;252;53
1653;38;1736;34
1386;69;210;30;1489;33;1555;55
395;4;443;33;338;13
919;60;1608;71
533;10;1192;17
862;47;1045;49
649;65;1595;30;382;25
1057;37;858;26
1401;13;1482;42;1128;15
289;22;464;76;625;25
334;51;251;65;1667;58
168;70;103;29;1278;59
894;25;1819;9
197;16;37;17
202;20;1933;25
455;71;318;48;1220;4;1126;34
1570;77;804;53;1482;28
1160;21;1040;48;1421;11
1297;39;584;20;1773;9;656;42
1433;59;869;71
746;19;1034;6
1860;1;1595;34;487;36;992;49
188;11;1544;5;183;78
1361;34;1665;28;27;29;1839;69
1962;41;523;16;1401;40;738;33
520;21;803;70
1259;10;803;33;1505;74;1027;4
1441;27;205;46
843;49;1892;46;1755;75;198;66
250;35;559;62
1956;7;780;78;1826;7;875;32
185;61;236;38;1613;77;1654;61
1818;72;125;37
1276;14;1424;43;715;18
668;35;1743;45;1331;49;1565;9
215;67;1239;59;1585;42;447;66
651;30;868;23;1866;24;616;74
1207;46;1477;66
1;11;617;53;722;21;1638;47
482;52;1704;36
1062;72;1725;2;62;5;1540;34
899;25;1337;78
184;25;1852;58;766;27
1716;68;797;65;1905;1
1059;54;1349;4
1862;76;319;6;968;27;729;26
583;29;581;51
851;63;753;67;687;59;204;54
1475;27;701;59
49;6;372;10;1393;68;1231;44
1030;78;1338;66;1924;59;132;24
958;27;1524;6;838;56;203;37
1193;45;1944;33;459;17
1639;57;182;2;595;57
791;15;1263;27;270;20;1718;34
1714;58;838;35;381;73
928;18;1994;7;1951;33;695;41
1290;52;1835;7;1061;35;688;43
1651;42;44;42
1475;32;1893;23;205;46
338;11;699;6;1036;25
1138;46;964;3;870;63
1910;36;1858;50;453;32;193;51
1645;58;827;28;1749;46;367;41
70;58;263;59;635;42;739;34
995;10;1115;50
1724;1;1557;37
199;37;510;40;1777;8;1061;16
1628;5;937;1;1909;9
599;58;50;12
1044;57;1730;59;1067;34;1148;68
894;27;639;12
961;31;1593;49;224;8
1043;12;1558;7;19;25;1456;28
894;11;1758;77;831;9
1746;78;469;22;1026;46;1176;13
572;54;1039;18;1604;25;1609;50
1;23;632;24;497;55
529;6;364;66
1650;70;127;30;175;27;1080;72
446;20;769;28
1914;49;738;17;1150;45
419;65;481;25
311;64;1011;60;300;48
554;62;656;66;1735;6
195;71;1400;21
397;8;1514;32;683;43;1909;52
1087;44;1791;3;1011;9;118;14
811;18;288;59;1748;16
437;9;807;46
840;11;213;10;285;61;1618;22
582;64;651;29;889;35
226;67;1967;52
1975;17;407;9;1788;47;1147;30
394;8;433;15;1258;12;1637;9
842;15;1111;59;609;46
1450;37;1088;22;866;63;774;73
874;21;261;62;1973;57;1591;49
455;61;1975;74;355;24
4;49;31;68
578;35;1921;42;1159;37
575;66;955;10
1282;5;700;12;88;28
262;33;87;26
343;16;1500;63;443;70;385;62
736;49;1774;63;214;19
611;74;846;19;771;33;523;46
1666;20;116;28
602;46;1011;28
444;74;1729;33
1106;41;870;77
1822;50;783;50;105;26;515;56
166;33;520;75
669;1;482;63;1360;37;1925;66
513;60;1330;55;1494;9;307;45
1297;20;696;65;48;32
49;73;1520;9
781;13;1170;75
1049;59;1452;67;1965;47
1548;54;643;22
305;37;1335;31;308;30;1527;57
885;15;448;21;1127;11
277;51;1382;33;951;75
437;29;391;27;605;19;850;73
1296;18;990;76
27;70;1888;47
756;73;1523;17
484;72;1877;5;171;51
1113;3;63;12;1543;33
494;47;253;6;1535;70;63;38
24;43;811;24;644;15;1953;5
69;25;346;38;1265;9
718;58;1070;48
1119;59;107;61
1877;56;1112;11;901;16;1432;38
52;32;773;58;1564;9
39;23;650;37
1596;34;803;19
1749;21;642;45;1677;45
1513;28;1850;75;972;41
518;50;1275;37
1990;73;820;72
39;57;1619;72;596;62;696;14
1393;31;1192;69;1843;54;1164;53
416;55;1508;29;1638;12
1382;58;1497;12;1996;12
1387;27;1412;66;1400;57;11;7
1680;16;1025;76;1842;33
1727;18;997;27
773;69;384;34;1909;27
738;51;983;2
1644;52;1192;71;1150;72;181;50
291;56;1820;66;829;29
1023;75;1324;72;1869;51
303;28;669;60;65;2
1538;56;411;43
425;55;98;2
153;2;1124;29;1617;41
1192;16;1411;65
518;47;1347;20;1870;60;1538;49
120;9;1780;55;1524;76
1818;5;151;69
1724;44;1084;24;946;16
1818;10;99;14;906;43
202;18;728;21;1026;32;1420;75
220;62;499;39
1824;36;73;64;1048;8;750;38
697;17;683;61;1294;9
1037;47;1710;18;129;22;956;53
1246;11;1443;31;1445;32;1985;76
1041;39;943;48
594;18;1868;35;1417;4
1877;53;651;41;1459;31;556;26
1297;12;1369;67
1579;72;1222;31;1016;22;857;65
794;14;697;51
1882;29;1008;16;1611;17
838;12;1824;59;230;58;688;60
1320;75;34;59;49;48;1027;41
1023;57;963;51
1058;49;1068;48;1014;63
1546;44;364;13
49;67;1125;28;1104;21
1036;17;401;70
1538;8;1642;9;677;42;44;67
1103;53;1772;36
649;24;417;78;1321;23
1196;49;574;56
1683;73;1408;19;830;35;325;42
165;10;1567;12
280;27;1796;43;1519;71
1718;74;872;54;1868;32
924;24;888;18;560;63;45;15
1232;37;116;19;672;74;1124;37
1926;24;512;74
1752;15;1933;24
1651;64;756;41
894;15;944;2
1441;58;1470;15;1263;12
1196;35;1084;22;1742;78;21;55
1594;15;1744;76;101;2;1774;22
317;31;1600;27
782;52;1919;76;411;66;1367;60
832;21;1753;38
1007;78;399;42
756;53;1118;72
1590;6;709;57
1391;3;1217;10;1370;70
1482;3;950;32
1458;71;1445;36;1202;19
145;42;139;48;1468;33
1949;21;1204;72;1453;60;1935;26
112;57;1321;46;1280;46;765;12
1499;42;253;29;1208;49
718;45;1062;12;212;20;1408;76
1218;32;1976;4
613;11;1216;53;420;25
318;38;1494;24;84;78
894;77;1633;40
1767;8;1058;43;1077;64
1941;21;976;17;1089;21;1932;46
1602;41;96;76
102;9;1568;9;384;53
986;23;643;24
785;5;895;9;548;50
1428;23;1763;70;435;72;810;12
1010;50;3;70
868;48;392;43;206;18;799;11
1130;57;1949;77;548;53
458;49;96;47;1342;76;1934;3
1475;33;1930;47
1414;59;1123;30;1614;16;568;53
837;22;696;32;612;19;1527;16
804;46;767;6
1015;64;590;33;253;18
188;61;715;8
1927;36;1545;4
1323;73;1603;17
1298;64;1403;48;912;38
1759;33;469;33;1700;6
201;43;61;54;1341;67;721;75
725;31;1568;71;1871;63;708;20
1182;59;685;20;926;49
156;17;1720;11
609;65;309;62;1877;60;1438;51
986;10;35;28;47;28;1764;35
1282;77;793;5
546;23;545;60
1074;28;1544;52
1901;42;670;68
921;57;475;12;335;32;1186;50
695;21;1709;7;488;43;1462;46
1516;48;817;48;59;37;980;48
1565;61;1732;60;1449;16;1583;43
191;17;472;49
1559;21;282;71;303;2
142;78;390;73
599;63;1229;23;920;38
581;39;1876;9
427;56;1811;58;188;44;495;45
1233;46;1557;14
1121;70;229;28;1954;4
36;10;6;1;303;13
1229;73;1581;28
716;74;872;71;179;37;1038;33
1774;7;1936;46
1030;41;1963;9;1998;28;1552;21
435;51;1398;27;1921;60
465;22;1039;39
1320;56;804;73;18;73
1906;40;1238;33;388;12;375;66
1226;24;1461;13;1290;13
1198;17;1755;24;534;39
63;3;1629;9
1536;28;1030;44
818;2;1873;73;1578;46
465;36;1500;61;732;58;308;75
1109;58;1905;4
1460;41;414;3;742;59
1691;68;365;61;1514;48;391;39
1773;50;1547;60;1855;59;1282;13
1941;48;1634;46
1972;24;1378;6;620;63
102;51;1848;43;295;78
981;24;1268;69;675;63
185;52;243;76;1278;38;812;26
752;53;435;38;1505;2
187;20;671;56
838;33;1334;58
1200;53;1725;43
408;35;1307;70
1513;20;1492;44
1818;40;1354;40
29;65;1863;16;1085;75;1403;18
822;58;1014;65;1440;42
762;55;83;49;1226;71
1185;36;942;35
520;63;1604;47;194;73;728;60
1371;7;1500;12;1159;48;500;58
1698;47;1055;21;847;75;1352;7
909;2;1775;75;1151;72
1019;39;797;16;409;7;1917;74
405;43;908;63;1128;29;1419;61
215;1;1356;26
1939;73;893;4;79;70
146;33;579;40;1134;9;1759;58
701;5;1179;33;1251;51;422;31
1248;30;1643;22;186;70
1898;18;529;19;1972;72
1439;64;1566;74
218;38;381;70;1711;53;1489;13
870;9;9;34
1261;26;1797;20
1262;17;1;25;1254;51
1087;5;1970;40
849;2;289;43;1817;24;1701;11
381;54;724;43;1605;20
1984;48;280;20
1888;5;1245;30;831;53
305;51;846;8;1012;41;230;17
1049;27;1038;76;613;40;1199;76
711;71;482;47
1323;69;73;72;1964;33;271;73
449;27;681;16
1009;30;1857;39
616;64;1242;65
666;75;1692;37;423;62
465;9;1865;22;1085;5;290;10
835;45;1065;34
875;50;893;8;1796;24;1778;69
985;14;500;38;1447;30
1432;48;1266;73
1792;54;630;13
1550;2;133;27;1954;33
1255;69;812;2;1428;21
807;3;1959;64
854;51;1649;34
628;4;820;59;1591;62;1734;46
1665;70;1502;21
891;19;803;1
1424;50;814;29;1155;55;669;52
1248;15;273;11;1438;72;1790;10
986;51;389;42;1192;39;835;30
342;60;82;46
155;73;1819;36
1897;7;1483;67;696;47
1231;39;549;60
1488;33;1549;15;101;11;1306;66
1173;10;411;31;200;26;1117;6
1208;32;987;6;442;78
1526;71;590;65;747;27;36;60
1110;11;1749;72;207;65;963;45
860;47;173;23;1944;5;340;41
1472;38;1813;53;710;38;329;1
195;65;1131;41
1232;31;288;74;799;58
1105;14;1554;59;241;11
1749;71;273;22
769;20;957;22
46;44;489;18;509;40
390;24;978;25;265;72;1250;70
1531;61;1569;19;1174;9;818;43
76;19;59;55;1641;45;168;21
1297;21;673;55
3;62;1954;65;960;32;1519;3
1441;29;643;61;382;34
1084;71;160;22
1040;42;1537;27
1328;4;1586;8
1103;12;161;1
1745;29;413;70;1621;65
13;63;1887;60;1917;58;278;39
751;75;1224;26
87;65;1753;32
650;14;595;54
1262;57;1216;53;571;3;80;40
997;4;1668;13
182;69;1171;13;595;27;1423;71
1001;61;1135;40;1752;70
946;65;1896;47;1758;37
793;3;1111;60;710;26
1539;24;1556;62
465;22;57;49
1036;46;1444;35
1087;73;48;78;1205;61;1914;50
325;25;1762;54;324;15
1389;34;1297;52
765;76;374;47;1359;58;386;58
438;48;729;47
1685;26;211;72;452;33;1963;44
104;41;1987;22;956;65
1377;5;1641;2
1382;42;1177;70;1770;12
1775;14;1887;17;268;43;1731;9
1322;6;1106;11
1443;19;1435;2
1433;57;975;3;1892;17;924;34
460;44;1452;54;561;46;556;19
1240;5;378;28
891;58;433;75
387;35;496;55;936;69;1488;44
1022;12;611;22;1877;39;707;71
1319;53;1787;27
1930;9;909;29
533;70;658;78;578;27
967;9;1587;26;173;66
1343;19;389;38;1226;56
1152;14;712;13
883;52;1941;40;100;74;149;59
716;22;464;38;190;7
215;16;1725;19;1617;23
1792;1;935;76
1751;64;782;22
907;78;170;36
553;58;1508;58;1156;68;122;67
1946;69;740;45
1382;51;1189;43
673;29;1922;19;1586;11;1214;41
838;45;554;8;545;39
1208;58;814;52;1138;28;573;33
126;41;1212;60;315;46;1829;1
1323;18;294;64;87;5;1723;62
1487;51;1168;36
1718;26;1157;27;518;56
212;69;919;17;1300;69
1861;36;1814;56;941;49;656;73
324;59;1941;25
237;30;290;18;428;72
321;44;730;10
749;44;1145;48;731;44;490;71
904;63;888;51
175;58;1511;34;1263;9;1498;67
118;22;1628;27;1782;32;243;68
403;2;482;28;1841;33;1178;26
520;25;301;76
1182;17;291;16;335;60;483;39
1273;35;1470;41;991;48;1918;37
67;46;633;35;947;78
85;25;1436;18
864;40;1321;43;308;68;437;66
1769;3;1787;53
1392;38;1537;72;207;8;22;21
1277;26;1964;12;1996;39;1867;6
1161;18;1637;29
435;69;905;4;410;75
550;29;271;8;241;65;1318;55
68;6;838;8;1185;27
1679;57;1979;72;449;67
1676;11;1881;50;1291;15
1608;31;268;63;891;57
112;29;771;27;1018;63
1614;24;513;11;1805;13;1848;67
756;42;1963;58;1112;39;1267;27
1196;7;1618;18;1763;18
1161;14;1219;19;1127;64
1301;22;726;56;832;12;1099;13
364;17;532;13;1;11;152;69
175;21;318;45;1025;13;623;16
1816;37;1969;31
526;13;1379;76
1321;13;1355;8;641;68;1118;5
178;68;300;74
324;26;3;78
840;38;11;13;1934;11;91;59
1040;42;288;47
662;7;544;26
1392;5;222;7
895;60;1787;70;1181;60
1681;64;73;3
1037;64;822;68;315;18;1816;33
1801;74;57;34
1703;71;868;35;1462;26
1277;17;612;55;199;30
862;69;527;52;1951;64;660;42
648;65;1875;43;1607;12
1865;1;1580;14
1242;62;1573;15;1563;24;757;75
178;77;315;48;403;60;1660;8
332;6;157;40
1645;2;1242;8;1097;77;444;15
979;28;473;31;1664;42
1109;61;530;67;1770;34;630;20
843;71;1227;43
1420;7;1191;65;1157;23;1219;1
460;32;666;40;699;54;189;31
486;21;1759;29;1954;48;132;50
894;51;1822;37
1462;4;1441;9
1447;32;493;56;407;19
858;58;409;56
862;20;753;31
690;19;760;54
156;31;1736;3;1599;41;1863;53
1016;58;359;28;747;28;1225;60
1049;35;1300;32;613;65;48;3
885;66;1995;39;1927;56;277;35
1259;48;963;1;1509;21;1568;28
1604;34;1996;75;436;26;1160;47
1976;69;1022;28;1439;10;755;70
61;1;1255;36
39;8;1769;74;689;61;1791;55
862;21;1071;55;1730;14
521;27;617;41;1468;25;1990;68
647;56;851;30;662;2;1443;37
348;46;686;78
1280;34;1398;37;1882;34
1240;74;1421;3;278;12
726;72;531;43;1686;35;1946;5
1130;29;1705;45;1941;32
280;26;1192;23;778;18;20;69
1295;6;1467;51;1763;41;816;67
377;65;331;27;497;38;1427;5
531;18;1495;36;1702;12;1364;38
1265;26;143;60
942;37;1328;49
1845;19;43;68;418;46;1637;75
1368;20;1310;30;465;11;1676;32
1641;55;7;49;873;21;916;65
1772;22;1583;52;1910;42
309;78;1140;45;1304;55
1536;8;1004;60;1187;70
1329;2;1205;57;679;36
468;53;398;1
1925;55;1074;51
1203;37;1353;46
1598;2;116;1
345;69;1340;36;1419;10
508;22;867;60;669;4
435;44;571;63
443;73;1511;20;1207;76;1334;11
512;4;1125;2
1393;67;274;37
1645;29;788;75
1324;2;567;39;633;37;1410;54
1709;29;556;42;1192;69;1929;63
720;67;1169;13;213;30
83;1;1345;34;329;35
109;33;652;20;1287;30;1021;62
951;35;789;30;179;70;330;38
1795;22;522;50
1430;20;941;54
782;67;842;9;643;78
154;45;1014;31
451;13;737;43;296;21
977;6;1461;52
1521;26;1420;72;1430;26;860;60
714;15;1464;24;642;16;1912;23
875;20;382;57;1590;21;1195;22
590;67;301;43;1814;41
862;32;203;66
289;61;599;60;1140;32;704;53
673;20;52;5;514;13
289;62;1777;43;399;28;1664;30
407;55;1071;57;1177;20
626;9;338;66;1292;77;1656;42
885;70;399;43;872;18
209;23;645;34;1478;47;1506;65
993;2;1048;74
1550;20;1654;69;348;5;1064;73
1768;58;1707;21
1516;76;1233;14;1010;44
1282;64;1211;76;737;4
1296;39;625;77
408;40;459;13
713;25;1510;17;877;21;1016;57
1858;14;981;59;378;29
1302;28;1583;18;1909;57
1433;69;1847;34;28;7
994;77;1291;37
502;33;477;45
1443;64;816;71;1775;66;1187;18
1920;33;1045;49;1033;37;728;34
191;38;452;35
666;36;162;47;1201;29
695;16;1954;26;723;2
1903;34;263;61;1938;72
793;71;187;43
1362;31;438;27
58;33;1706;52;1425;54
923;17;1689;68;796;51;1305;50
448;67;1203;32;709;42;1026;54
930;19;1385;36;1012;14
720;53;124;67;1031;17
1649;64;152;35;1108;66;211;65
1889;63;1531;37
1826;29;1384;45
899;54;1859;37
1555;67;1011;14;231;15
615;7;1423;41
1945;40;1375;59;1409;41;1717;5
1728;28;286;20;1180;27
797;18;1183;77;1194;36
1740;58;577;74;545;65
1516;23;328;55;1876;32;232;19
1097;13;1784;27;1898;20;1896;37
1087;78;1534;25;787;6
1207;24;75;48
1344;69;396;54;741;74
1282;13;895;61;1773;4
1586;16;1855;31;827;73
793;35;513;44;120;66
1291;19;1130;71;462;3
961;74;1018;19
1731;56;1580;45
693;19;951;60;846;29;1961;60
1202;10;371;1;1914;42
1141;77;1097;75
24;55;750;8
899;65;1200;30;282;24;910;57
1053;63;1201;66;1047;53;1892;20
1205;25;1017;77;383;2
1861;13;945;78;107;66
942;14;1257;34;197;8
166;66;1693;3;1815;62
795;65;1302;73;1661;11;1341;53
1491;27;932;70;1424;25;701;46
663;40;172;63
1914;35;1944;35
1759;69;1281;21;490;15
311;76;1496;27;118;36;1420;37
1382;48;1445;76;197;64
1472;41;925;21;870;8;402;19
1887;59;615;38;702;44
1241;47;1619;46;1385;12
1767;50;1249;14
1202;71;1939;60
1138;39;940;44
507;6;907;27;1217;77
713;66;149;9;1652;4
991;24;1850;10;1268;72
1433;53;127;52;822;41;573;52
1296;55;1246;8;839;11
933;45;1557;25
280;26;1701;24;484;15;1532;9
614;73;257;32;1904;39;1497;48
1019;5;126;70;468;16
1887;17;1727;35
1161;6;1415;30
1472;22;1095;51;1927;68
854;13;907;53;1652;31;1262;51
423;66;1955;72
450;56;1655;1
1759;71;1562;77;509;54;1430;64
1746;30;1802;20;1212;71;532;77
615;22;1830;53;72;61;400;71
520;53;231;1;846;10;264;4
494;18;1246;77
1578;6;611;35;383;28
1788;64;487;75;1588;77;1415;17
1953;66;486;15
1049;36;24;23
1446;19;1516;1
1160;14;1221;58
506;19;1278;2;520;78
1689;29;931;22
614;75;136;24;1575;42;980;47
1939;2;656;68;795;24;705;22
692;11;526;17;952;62
1094;63;859;14
1814;72;1528;56;827;18
221;76;98;18;1813;77
883;32;1647;1;1235;77;459;33
494;45;189;72;1739;76;899;54
1974;52;1446;18
1481;69;1737;49;1739;27;1029;30
1774;16;934;62;114;57;429;49
157;75;1218;5;225;29;1088;56
431;3;139;30;1056;74
215;9;616;50
1323;47;1085;30;16;61;890;47
1633;77;1814;73;454;22
387;22;660;29;212;9
716;71;1852;29
1939;50;1507;37;524;29
606;28;1732;71;421;31;122;13
582;76;1615;20;1518;30
140;15;1092;59;1925;31
1758;63;641;55;1093;55
1000;9;1439;75;613;1;1127;17
1775;33;1858;42;1008;24
907;4;418;17;1765;43
874;15;982;43
11;18;5;78;1695;74;765;30
1807;58;60;15
730;53;986;28
60;14;930;21;1371;63;699;11
1051;42;1333;74;1701;64;393;13
1616;6;1364;58;1393;70;363;47
1820;52;1697;28;1930;61;457;38
289;76;1333;49;914;25;1093;8
1097;13;1580;12;1317;30
1196;34;1373;25;305;3;1152;76
220;17;1343;30;1926;62
1705;41;1234;14;868;45
1808;43;1744;14;1654;16
1113;61;211;7;1990;68
1833;58;1856;1;939;45
1760;37;325;48;166;49;1006;35
1725;56;407;33;762;41;1987;74
1407;48;1629;54;1034;78
1936;28;871;21;1308;21
1835;22;1999;43;1175;29;231;26
1054;1;1446;14
147;52;389;76;330;53
1015;61;1037;22;1997;42
449;75;1710;13;376;54
882;64;1693;34;1253;29;1424;5
1053;28;171;56
427;20;1918;61;1790;7;443;60
890;21;1036;21
1610;63;223;3;1066;60
1976;54;725;50
1711;39;1508;45;1230;56
1869;75;683;61
1560;59;1158;73
1286;18;762;1;1962;41;1828;51
435;41;881;44;1017;50
522;67;1222;40;452;43;19;7
1426;49;1326;35;734;18
1581;13;1344;37;326;42
707;16;1582;21;1055;60
72;76;866;12;1556;15;775;44
1713;19;636;34;1753;59;1091;28
1049;41;890;2
1605;64;1247;64
1332;32;979;50;321;74;585;52
1961;71;1195;39;293;43
1691;76;1070;63
1280;34;670;3
1238;27;341;39;497;30;257;21
986;65;1431;36;1666;44;1939;1
1021;18;243;12;211;38
1213;63;895;34;630;27;804;35
870;27;1291;49;417;54;83;60
1600;35;392;62;1086;7;1529;57
628;78;650;72;1410;73;516;45
0;3;1870;75
1462;23;126;48;801;24;692;61
109;73;1095;69
1117;10;190;64
188;55;372;23
502;76;1867;29
1304;66;1928;41;768;76
359;57;1449;11;548;49;87;51
1304;39;1581;38;824;23
1235;13;845;59;1898;55;146;12
1781;41;332;74
1934;72;1985;37;657;74;1051;33
437;78;1857;18;77;50
179;60;724;27
1071;18;280;66;919;76;106;51
93;11;1093;74
1728;72;108;30;1527;59
1523;23;11;51;837;56;1791;44
1721;58;1390;6
229;51;676;77;1273;46
1610;65;957;20
1213;44;953;41;1156;75
1634;12;1459;14
994;36;1782;12
122;41;332;22
36;18;1818;13;48;37
66;5;1344;43;1387;15;1857;59
714;76;1398;3;1021;24
139;65;117;33;589;48
464;23;533;50;1374;21;197;7
1229;37;583;5
1192;49;1437;31
1216;29;583;62;1481;32
311;34;520;36;368;60;51;76
1769;74;278;1;1219;30;1181;75
1680;14;1288;53;330;11;1522;53
1460;21;370;45;994;11
1942;18;548;24;326;37;1061;16
1862;30;738;28
338;17;19;16;1998;65
1556;41;461;56
1531;44;1342;76;1515;17
1938;70;1580;27;1603;57
257;62;646;36;225;71
830;42;244;7
1615;15;1509;19;708;19
653;25;520;13
673;59;366;1
773;10;1282;72
1236;62;727;58;1954;51;1827;39
1929;70;1613;47;283;74
1355;19;1709;31
1521;22;1866;63;1922;44
1623;69;747;32;310;28
936;2;992;1
583;46;1055;56;321;18;356;6
802;39;825;13;1487;34
1134;29;60;47;985;43;89;29
89;32;608;62;380;51
297;78;1247;37
977;6;921;52;550;28
1897;3;1129;27;1159;58;1951;64
485;43;1218;27
1938;32;1396;56;908;7;1697;7
904;8;1616;54;801;35
1081;23;47;15
666;43;1886;64
1;5;50;47;386;53
1049;5;2;10;226;78;370;50
1740;56;1481;24
1773;53;1939;70;1754;23
956;56;1195;57;1990;75
1275;74;714;58;1576;17
1441;47;1965;1;1064;12;1233;21
673;12;450;34;1630;42
1674;70;854;49;1127;65
450;43;607;63;1672;8;1204;4
731;15;1168;39;1818;77;462;75
995;35;1018;55
1284;15;1289;38;972;58
1232;75;1344;46
638;24;1220;31
249;74;1584;3;6;40
1503;35;120;15
1488;30;1882;62;59;70
1991;48;275;9;1312;21;1768;21
826;29;1355;67
930;42;1564;14
1504;25;722;20;1027;76;1290;51
291;61;486;45;816;2;213;20
106;12;1683;32;1977;17;1885;55
1879;53;191;21;282;71
201;26;1295;2;913;40;1219;72
958;54;881;4;1345;42;1596;18
1625;32;373;44;252;67
339;24;777;28
173;6;354;1
817;41;169;12
1606;34;63;67;1154;58;831;66
1500;48;25;78;1072;43
1623;68;1023;49
90;5;1122;68;155;7;1001;53
185;19;925;24;1674;33
317;30;981;44;1474;3
221;44;1432;39;898;35;1272;44
1037;53;1998;46;1915;71;645;77
1279;51;1451;18;1910;69
1216;3;77;2;1211;23
981;13;1060;58;1427;45;443;58
1209;70;1452;1
1435;40;756;14;1817;34
1877;48;1831;15
109;63;1184;2
603;22;39;8;1335;12
1536;53;1196;3
440;23;528;53;951;64
1034;71;1918;58;1913;33
277;13;779;38
1279;22;1593;46
223;78;19;76;1342;58;1873;24
1635;68;1836;67;1243;65;1294;24
1992;76;734;45
1461;11;1216;20;1629;9
1092;11;1593;74;1626;64
841;29;1073;76;346;4;1429;72
970;31;1632;19
979;24;581;50;304;74;1992;15
720;75;1774;40;442;8
206;1;1316;39;1842;34;636;48
1448;72;1280;76;826;77;728;31
420;22;234;7
1207;7;480;66;338;48
1012;46;1206;37
1447;12;20;60;1406;46
778;70;1076;26;311;22;1273;54
96;12;1925;50;1363;72;291;58
868;20;675;5
671;37;742;59;1887;77;424;15
1495;42;301;35;1566;70
531;27;898;49;271;24
1191;64;1650;24;182;7
1728;19;48;74
511;46;472;10;1685;75;77;24
1255;59;126;18;303;11;263;45
331;6;1006;48;1628;54;828;75
75;49;1615;60
1770;16;1891;38;1818;52
625;58;26;40;740;72
915;61;883;43;1568;63;1655;66
1213;74;1242;20;860;59
1578;8;768;75;1815;36
1027;12;647;75;1341;57
693;64;1320;20;488;38
1498;9;20;28;1218;19;578;13
738;59;715;21;1986;38;1613;47
1898;7;1808;11
1769;46;908;76;201;43
1826;46;1561;16;1388;6;1512;44
1773;49;718;77;485;21;935;68
1305;38;461;47;1141;54;1466;27
1633;48;759;42;359;14
1637;64;886;25;1008;50;1281;57
387;71;972;3;841;67;1251;55
120;69;1318;14
909;59;1812;12;171;60
720;74;1183;24;1054;53
1129;11;269;77;1786;4
1245;42;1873;32;1489;46;2;71
812;6;880;45
348;6;639;7;731;24
1882;28;1386;11;1094;9
1572;77;1747;22;1862;2;232;8
940;38;1260;35;1994;58;1717;46
1854;24;660;65;1323;26;1558;8
1275;76;1381;18
825;58;828;53;330;23;702;38
160;34;1279;68;201;69;1774;60
1929;36;1589;49
693;51;132;74;978;14
249;76;1207;74;743;30
775;11;878;49;1347;76;1047;25
422;59;1194;78;604;12;1936;76
681;21;685;70
1690;16;1149;16;579;66;1246;45
1689;77;623;65
1362;58;1724;41
